{
    "x_mean": 0.09330537004642496,
    "y_mean": -0.3267083184409208,
    "z_mean": 0.061591216524722346,
    "x_std": 1.6610024701662989,
    "y_std": 1.9794719340828189,
    "z_std": 1.4356094545371956
}